iter	PRAUC	Logloss
0	0.8728414148	0.6753303375
1	0.8804817493	0.65872608
2	0.89707744	0.6443345992
3	0.9023028771	0.6303862639
4	0.9089847782	0.617025634
